sasha26082012,22f26186-8fff-3008-9c86-ac857db91f2f
gavno007,06c3fa6d-73b1-3b48-8bed-2abea677746a
i_testus_i,b796990e-687a-3efe-9aca-bdd4ea32668f
qfuckme2022,ea3f3fc9-70c4-30f3-8605-12589135dd0d
whiletrue1,284619d1-807d-37df-bcc4-76d787fa9d9f
okaib,6544621e-a812-3ba3-b7f7-910dfa192a3c
credovr,bd9606d3-5f52-3c0c-afe8-dd8da5a13385
slowv,acac1ff8-a8b0-38f4-9fb9-f110a5242ee5
freeze,b29f6c78-43f2-353f-af26-1f5ebbf50bf1
chupik228,87b1037b-7315-3939-8376-d0944b218dde
koq6554za,f81971bc-ecd7-3b82-8900-645ee011b490
molo,c73d79a1-93a0-380f-895c-720eb4852d8d
se4gey5us,c0309693-ed79-3b6b-bd9b-c6d21e21ed57
adecvate,6d521e65-821f-362f-90ce-a8dca0419a5a
zemix_world,e49b274b-c208-3359-b9a2-1783648fab6a
finik6565,30ea1bf1-c16a-34d9-a369-fd9f9006ccc7
derevo_c_maclom,ecf4c4d6-35b3-33df-b69d-637ce5f5fe9b
damir1414,86fd7407-7128-3d8d-a9fe-273b9f1759eb
patrick_787,4419bf0e-68c2-3a0f-935d-bd03b4840f00
losas,b268005a-9dbf-3133-b288-3174cde1f671
mrversckraft,51cce76d-3f03-3264-a118-28d0d2a2ab8a
asetic,aad9f20f-1eb2-3f61-a9c4-c990fa16e86a
ctpaxobo,c7a75479-de31-33fe-8e1b-bf7f58eef35d
hacker010101,d1e2ddf1-1c45-324c-b3fe-9b4322ff6bd2
banan4ikyt,f3b68937-f474-3ea5-8eb6-73416869528e
yummyicemilk,cf7c347b-365e-3c60-a5dd-67a4d9e2998e
heegor228,e06af5e8-ba21-3133-bb48-899c595a2bfb
w2nkyy,79359c74-295c-39f6-859a-6d8fca0e5bbf
md_5,c70f922a-984d-37b1-94a2-58bf198a55e5
blackangelsdeath,083ee3bc-a028-337c-a7f6-6f79def50504
sandad2,71c12f1c-75ba-30a9-8570-10bed5c4a4c4
zucchini_pro09,f3ad9008-ab7a-35d6-bf2e-418a1b75b0ae
arictocrat,adf38f22-c629-336d-94c8-360c190e746a
grifelite,60bbf838-849c-38b5-a591-d7a035d46850
lenblogeryt,f02f3bfe-fe0a-321e-88e7-7cee1f2ee85f
kitya,9b9a92ef-b457-35b3-964d-20dde950923b
nes_ar,ae3836dc-e816-3968-a232-0d3137e6fb1c
shaker1k,367d26f6-01ac-3b38-b4f0-c956f4c0388b
giziiiix,de04be5a-8f52-33f8-9c87-2a6f38ee7b93
neonoff,5fc471b8-3799-3ea7-9210-65dab943a5d1
vkyys,55f1df13-f829-306f-9052-b80fd3fa3fc5
mrdeathgun,5f4b5cc3-072c-3d1a-b12a-31d7651c3e2f
robyan123,c6fabd53-e337-343e-bea9-0124e6f90f7b
atepast,6cafb43a-63c4-345b-bd12-501daaf5c58b
ttcux001,94135d3f-0697-3d87-88bc-4912cd916963
kpacab4uk712,8dca7644-8fa1-3f44-b5c6-33b1dd542ede
moksim102090,3f394bc6-6a1c-3a90-b636-16679cee482a
villinik,bc48e9eb-6e0f-3394-8b4d-5b925f0ad0d0
nevilsyt,f53aa1a7-befe-3870-a0a8-9c3d6bcac3d8
zekzay,5de2b889-2333-3aad-9740-9239fb77d29b
pantera_yt,9ce1d588-7fd8-3161-b9d1-17c11506fa42
beff,affe23c0-dfbf-3b81-8658-02ad5624b24f
1zi4ka,8918476c-1a63-38e2-8102-e1b4447ca4c9
20kkeasy,259745a7-603c-391d-bb62-f701186ddc2b
gerlmine,9bf241e5-9730-34a6-91cc-ef0b3e1d3777
tigranflash1,e9bcd2b8-6119-31ab-a53c-d79507ae5e7a
crazyhaze,2afa1e20-639a-3aa4-8b63-fc5c91147e82
colrbu,85371c78-5fb0-3218-821b-47086b3a3dd9
orbyg,07ff3fe2-79ac-35ea-9ad1-5218991eef7b
aprenik,1798fa94-085f-3b76-bd5e-5eee1b808cee
